,loss,iou_score,val_loss,val_iou_score
0,0.3057717978954315,0.5932286381721497,0.4977909028530121,0.46384939551353455
1,0.4081490933895111,0.49548783898353577,0.5389716625213623,0.38030168414115906
2,0.4039711058139801,0.5067716836929321,0.5401099324226379,0.3731170892715454
